{
  "ShortName": "ru",
  "FullName": "Russian",
  "NativeName": "Русский",
  "DictionaryFile": "ru.json",
  "Flag": "🇷🇺",
  "LetterCount": {
    "3": 2845,
    "4": 10096,
    "5": 27079,
    "6": 54509,
    "7": 96415,
    "8": 142853,
    "9": 178680,
    "10": 203234,
    "11": 200450,
    "12": 180908,
    "13": 144047,
    "14": 106160,
    "15": 73330,
    "16": 46599,
    "17": 28461,
    "18": 16490,
    "19": 9400,
    "20": 4994,
    "21": 2782,
    "22": 1441,
    "23": 617,
    "24": 351,
    "25": 189,
    "26": 67,
    "27": 54,
    "28": 29,
    "29": 12,
    "30": 11
  }
}