{
  "ShortName": "en",
  "FullName": "English",
  "NativeName": "English",
  "DictionaryFile": "en.json",
  "Flag": "🇬🇧",
  "LetterCount": {
    "3": 4711,
    "4": 11171,
    "5": 22950,
    "6": 39518,
    "7": 52093,
    "8": 61019,
    "9": 61754,
    "10": 54321,
    "11": 46411,
    "12": 37524,
    "13": 27924,
    "14": 19258,
    "15": 12148,
    "16": 7115,
    "17": 3982,
    "18": 2003,
    "19": 1053,
    "20": 506,
    "21": 238,
    "22": 102,
    "23": 49,
    "24": 18
  }
}